title,description
Jungle,Tropical fruits delivery system
EVO,Software for accountants
CloudSync,File synchronization service for cloud storage
HealthHub,Telemedicine platform for remote healthcare
EduTrack,Student performance tracking system for schools
StockAnalyzer,Real-time stock market analysis tool
FitLife,Fitness app with personalized workout plans
ShopMate,E-commerce platform for small businesses
TravelBuddy,Travel planning and booking application
GreenThumb,Urban gardening community platform
EventHive,Event management and ticketing system
CodeCollab,Collaborative coding environment for developers
PetCare,Pet health and wellness management app
HomeCook,Recipe sharing and meal planning app
SafeDrive,Vehicle telematics and safety monitoring system
BookClub,Online community for book enthusiasts
MindSpace,Meditation and mental health app
FarmFresh,Farm-to-table marketplace
DevDash,Developer productivity and analytics dashboard
ArtShare,Platform for artists to share and sell their work
